{
    "loss": 1.3888652324676514,
    "accuracy": 0.8017241358757019
}